service;proxy;kong;request
22f8e3a6-01f7-3264-b4b5-9d178df11d06;1401.4732222997907;12.572354642465344;1750.123566370799
a5bf08bd-c030-30d5-8009-83a8c30103bf;1394.6939337774884;12.426038170615639;1750.2643390272003
c3e86413-648a-3552-90c3-b13491ee07d6;1400.4763576192147;12.50278293135436;1747.7643784786642
d035ffcf-914a-3007-b028-ae18f04d75b4;1403.1892495533054;12.505955926146516;1742.269009330951
eb1ce287-5797-3e45-b9a6-e6d51691257e;1401.5102553790468;12.502413030363966;1750.3412929821034
